,seed,acc
0,1,0.7352941036224365
1,2,0.7352941036224365
2,3,0.779411792755127
3,4,0.7647058963775635
4,5,0.779411792755127
5,6,0.7647058963775635
6,7,0.779411792755127
7,8,0.7352941036224365
8,9,0.7647058963775635
9,10,0.7058823704719543
