,seed,acc
0,1,0.931034505367279
1,2,0.9655172228813171
2,3,0.8965517282485962
3,4,0.9655172228813171
4,5,0.931034505367279
5,6,0.8965517282485962
6,7,0.8965517282485962
7,8,0.8965517282485962
8,9,0.931034505367279
9,10,0.931034505367279
