,seed,acc
0,1,0.9444444179534912
1,2,0.9722222089767456
2,3,0.9444444179534912
3,4,1.0
4,5,0.9444444179534912
5,6,0.9722222089767456
6,7,0.9444444179534912
7,8,0.9722222089767456
8,9,0.9444444179534912
9,10,0.9444444179534912
