,seed,acc
0,1,0.8989899158477783
1,2,0.8939393758773804
2,3,0.9090909361839294
3,4,0.9090909361839294
4,5,0.9090909361839294
5,6,0.8939393758773804
6,7,0.8787878751754761
7,8,0.9141414165496826
8,9,0.8939393758773804
9,10,0.9040403962135315
